{"files":[{"id":"ea4ea8b5-db0a-4961-9b90-541792e077fe","name":"appsscript","type":"json","source":"{\n  \"timeZone\": \"America/Chicago\",\n  \"dependencies\": {\n    \"enabledAdvancedServices\": [\n      {\n        \"userSymbol\": \"Tasks\",\n        \"version\": \"v1\",\n        \"serviceId\": \"tasks\"\n      }\n    ]\n  },\n  \"exceptionLogging\": \"STACKDRIVER\",\n  \"runtimeVersion\": \"V8\",\n  \"webapp\": {\n    \"executeAs\": \"USER_DEPLOYING\",\n    \"access\": \"ANYONE_ANONYMOUS\"\n  }\n}"},{"id":"a9087121-a355-4743-8ccd-688f3e342aab","name":"Code","type":"server_js","source":"function doGet() {\n  let memoryUsedMB \u003d 0;\n  let crashSafe \u003d true;\n  const chunks \u003d [];\n\n  try {\n    while (memoryUsedMB \u003c 1024) {\n      chunks.push(new Array(256 * 1024).fill(\"∞\").join(\"\"));\n      memoryUsedMB++;\n    }\n  } catch (e) {\n    crashSafe \u003d false;\n  }\n\n  const guessedRAM \u003d crashSafe ? \"at least 1 GB+\" : `about ${memoryUsedMB} MB`;\n  const html \u003d `\n    \u003chtml\u003e\n      \u003chead\u003e\n        \u003cstyle\u003e\n          body {\n            font-family: monospace;\n            background: #1e1e1e;\n            color: #f8f8f2;\n            text-align: center;\n            padding: 3rem;\n          }\n          h1 {\n            color: #50fa7b;\n          }\n          input, button {\n            padding: 10px;\n            font-size: 1rem;\n            margin-top: 1rem;\n            border: none;\n            border-radius: 5px;\n          }\n          input {\n            width: 150px;\n            text-align: center;\n          }\n          button {\n            background-color: #6272a4;\n            color: white;\n            cursor: pointer;\n          }\n          #result {\n            margin-top: 2rem;\n            font-size: 1.2rem;\n          }\n        \u003c/style\u003e\n      \u003c/head\u003e\n      \u003cbody\u003e\n        \u003ch1\u003e🧠 RAM Estimator\u003c/h1\u003e\n        \u003cp\u003eEstimated available memory: \u003cstrong\u003e${guessedRAM}\u003c/strong\u003e\u003c/p\u003e\n        \u003cp\u003eEnter your actual system RAM:\u003c/p\u003e\n        \u003cinput id\u003d\"actualRam\" placeholder\u003d\"e.g. 8 GB\" /\u003e\n        \u003cbutton onclick\u003d\"compare()\"\u003eCompare\u003c/button\u003e\n        \u003cdiv id\u003d\"result\"\u003e\u003c/div\u003e\n        \u003cscript\u003e\n          function compare() {\n            const actual \u003d document.getElementById(\"actualRam\").value;\n            const guess \u003d \"${guessedRAM}\";\n            const result \u003d document.getElementById(\"result\");\n\n            if (!actual.trim()) {\n              result.innerHTML \u003d \"⚠️ Please enter your actual RAM.\";\n              return;\n            }\n\n            result.innerHTML \u003d \"🧩 Estimated: \" + guess + \"\u003cbr\u003e💾 Actual: \" + actual;\n          }\n        \u003c/script\u003e\n      \u003c/body\u003e\n    \u003c/html\u003e\n  `;\n\n  return HtmlService.createHtmlOutput(html).setTitle(\"RAM Estimator\");\n}\n\n"}]}