{"files":[{"id":"67860a17-4474-4262-8cc5-1c253dc77408","name":"appsscript","type":"json","source":"{\n  \"timeZone\": \"America/Chicago\",\n  \"dependencies\": {},\n  \"exceptionLogging\": \"STACKDRIVER\",\n  \"runtimeVersion\": \"V8\",\n  \"webapp\": {\n    \"executeAs\": \"USER_DEPLOYING\",\n    \"access\": \"ANYONE_ANONYMOUS\"\n  }\n}"},{"id":"bf9c5f2b-bcd1-418e-bcec-d1f5b103ad62","name":"Code","type":"server_js","source":"function doGet() {\n  let storageUsedKB \u003d 0;\n  const props \u003d PropertiesService.getScriptProperties();\n\n  try {\n    while (storageUsedKB \u003c 500) {\n      const block \u003d new Array(1024).fill(\"S\").join(\"\"); // 1KB string\n      props.setProperty(\"block_\" + storageUsedKB, block);\n      storageUsedKB++;\n    }\n  } catch (e) {\n    // Hit quota, no worries\n  }\n\n  props.deleteAllProperties(); // Clean up\n\n  const html \u003d `\n    \u003chtml\u003e\n      \u003chead\u003e\n        \u003cstyle\u003e\n          body {\n            background: #121212;\n            color: #f0f0f0;\n            font-family: monospace;\n            padding: 2em;\n            text-align: center;\n          }\n          h1 {\n            color: #ff79c6;\n          }\n          .storage {\n            font-size: 1.3em;\n            margin-top: 1em;\n          }\n        \u003c/style\u003e\n      \u003c/head\u003e\n      \u003cbody\u003e\n        \u003ch1\u003e🗄️ Storage Tester\u003c/h1\u003e\n        \u003cp class\u003d\"storage\"\u003eEstimated writable script storage: \u003cstrong\u003e${storageUsedKB} KB\u003c/strong\u003e\u003c/p\u003e\n        \u003cp\u003e(Limit resets on each test)\u003c/p\u003e\n      \u003c/body\u003e\n    \u003c/html\u003e\n  `;\n\n  return HtmlService.createHtmlOutput(html).setTitle(\"Storage Tester\");\n}\n"}]}